title,video_id,category_id,category_name
외국에서 문제가 생기면 대사관에 가야하는 이유,xJZXciLjiic,1,Film & Animation
일진 보다 약간 모자른 이진,KiE7CMtiPhE,1,Film & Animation
KBS vs SBS 개그맨 대기실 분위기,fu3Qa4tjRZE,1,Film & Animation
순박한 시골청년들의 국제결혼,KMG6rZbgXmM,1,Film & Animation
짱구판 스파이 패밀리 #짱구 #애니메이션 #shorts,6w3CXZh27Wc,1,Film & Animation
남편 몰래 자식 끼니 챙기는 엄마 #응답하라1988 #응답하라1988명장면,5fm015cTpmY,1,Film & Animation
나 아눼~ #런닝맨,70OjD-AsmKA,1,Film & Animation
손님에게 지네로 담근 술 주는 마동석 #함정,bqKKT9DLvlM,1,Film & Animation
저기요 꺼지세요,sNNxaAxnQfc,1,Film & Animation
여자 화장실에서 화장 고칠 때 기싸움이 벌어지는 이유,VfnLpfVf5pI,1,Film & Animation
자식농사 역대급 대흉작이 떠버린 이사라네 부모님 ㅋㅋ,9hS1uMTIANE,1,Film & Animation
투정 부리는 형과 복장이 터진 아우 #가문의부활 #신현준 #임형준,uT7aVA61v8k,1,Film & Animation
많이 혼나게 생겼어 #오징어게임,p7Fms-pmRXE,1,Film & Animation
횟집에서 여자가 닭도리탕이 먹고싶어진 이유,U69c2-avwdo,1,Film & Animation
술집에서 처음 만났지만 가족이된 우리 #강남비사이드,Sdfhk8jtJcU,1,Film & Animation
짱구도 아직 사랑받고 싶어요 #짱구 #짱구는못말려,_vnkmbon0MY,1,Film & Animation
자식의 마음을 깨닫게 된 부잣집 사모님의 행동 #shorts #정숙한세일즈 #김소연 #김성령,XtiHeM3ikCw,1,Film & Animation
간이 배밖에 나온 #양세찬 #장도연 앞에서 #이은지 꼬시기 #코미디빅리그,2y2pbxl3MeA,1,Film & Animation
동창회 가는 이유 #응답하라1994,EcUc6r3ELdw,1,Film & Animation
진짜 아빠를 구별하는 방법,IvkNfIs_frs,1,Film & Animation
콘테스트에 참가한 빠뻬삐뽀뿌 #미소의세상,1CgfBozcxoU,1,Film & Animation
파업을 선언한 피카츄,U_zCuh3JRWs,1,Film & Animation
라떼는 진짜 이랬음 정말임,rs0AZzvGLEY,1,Film & Animation
관리소장한테 혼나는 담임과 지금,xFh2yCgJZPw,1,Film & Animation
군생활 편해지니 막나가는 일이등병들 #신병2 #신병 #군대,wK-0L4rBwJc,1,Film & Animation
인격은 말에서 나오지 #하루1분 #시트콤 #몽땅내사랑 #드라마,r-SBHHj29FQ,1,Film & Animation
여자들이 답답해하는 남자들 특징ㅋㅋ #스케치코미디 #코미디 #개그,JxxWDCNbY_8,1,Film & Animation
족보가 어이없네 #최악의악,njm6epyO53Y,1,Film & Animation
남자들이 좋아하는 여자들 얻으려면 반드시 기억해야 하는 사실 #심슨가족 #thesimpsons,GNgeT7-Pw_Y,1,Film & Animation
울버린의 슈트만 폭발한 이유,ZPK_IzXxOEA,1,Film & Animation
출소하고 클럽가서 원나잇하는 김우빈 #친구,r2mB3BSuX9c,1,Film & Animation
의리 최고라고 평가받는 낭만의 재벌 레전드 일화,mgd9H56_zzo,1,Film & Animation
지드래곤 앞니 드립 치는 정형돈,Y1nUeZ4mSyk,1,Film & Animation
여동생 때리는 매제 참교육 #강남1970,uVxWh0vpndo,1,Film & Animation
애 하나 박자 / [그것만이내세상] 지금 티빙에서,3aSb_nkfe04,1,Film & Animation
분위기가 많이 달라져서 낯선 훈이 #짱구,SrIUSuMIzi4,1,Film & Animation
하룻밤의 환영,ENTJdP8uI0c,1,Film & Animation
내 X빤다고 공짜로 밥 처멕이겠나? #범죄와의전쟁,rcPsS5gAcDc,1,Film & Animation
🇰🇷🇯🇵🇨🇳 택시탈 때 나라별 특! #shorts #유머짤시리즈,NDPPvaVixZM,1,Film & Animation
잘못했습니다 도연씨!!  #코미디빅리그 #장도연 #양세찬 #육아is뭔들,old5VpEEmXY,1,Film & Animation
엄마를 식모취급하는 가족들;;,XxS4yLfUSFc,1,Film & Animation
나는 성격이 급해서...일상인걸..ㅋ#커피 #언니뽕 #꿀잼 #웃긴영상 #웃긴짤,DQCz92B61Og,1,Film & Animation
해병대 등장 모음 1탄입니다!! #코미디빅리그,-UDPmHsu9sA,1,Film & Animation
1초에 2억 태우는 레전드 영화 ㄷㄷ,ujymPRRacBw,1,Film & Animation
[SUB] 변우석의 웃으면 안되는 생일파티,ALl7Fe_GG3U,1,Film & Animation
[놀면 뭐하니?] 재석훈의 역사 배틀,ohvZEUNfBxA,1,Film & Animation
누구나 한번쯤 상상했던 장면😳,L7FWDNkWCnw,1,Film & Animation
사람을 못 움직이게 할 수 있다면? #도라에몽,8OUsAosdIK8,1,Film & Animation
Spider-Man's friends meets another Spider-Man #spiderman #ironman #marvel #avengers,RJxK0bp-LWU,1,Film & Animation
이미 결정돼버린 운명 #funny #웃긴짤 #웃긴영상 #재밌는동영상,XIu4mvWU680,1,Film & Animation
최근 현대차 디자인 맛간 이유,7rjLjSqMcFY,2,Autos & Vehicles
브레이크 고장났을때 이렇게 하지마세요 #shorts,ydKTEIm6Y8I,2,Autos & Vehicles
주차 구경하다가 날벼락,_hxgMOhe29Y,2,Autos & Vehicles
Offloading gone wrong #greenscreen #automobile,yZHaz1nNOpM,2,Autos & Vehicles
좋은차를 가져도 이길 수 없던 이유,P3Y4NPKHvNs,2,Autos & Vehicles
HOW TO MOUNT A ROAD BIKE #cycling #cycle #bike #bikelife #roadbike #roadcycling,Se93A2HbaC0,2,Autos & Vehicles
세계에서 가장 튼튼한 타이어 💪🏼,gfKI0p_cSxw,2,Autos & Vehicles
끼어들면 안되는 이유,fKo_wigYda4,2,Autos & Vehicles
튜브 없는 타이어의 생산 과정 공개,z2T_-CH0Mp8,2,Autos & Vehicles
람보르기니 타고 XX 던지며 보복운전한 남자,0ImKPSo6kCY,2,Autos & Vehicles
Hassle Free Permanent Tire Repair,q04ObEShAmU,2,Autos & Vehicles
PROTECT YOURSELF - 70% OFF ALL DASH CAMS - LINK IN BIO,uffWTj_zZkY,2,Autos & Vehicles
"Look👀At Her How She Is Looking👀Me,,🔥🔥🏍️#short #race #rider #ktm #biker #motovlog #couple #phinorider",WbHx9BzIOwI,2,Autos & Vehicles
넌 포르쉐 절대 못사,NwhpMTxfDVw,2,Autos & Vehicles
최고 품질의 가진 자동차 매트 🤩,nwJ3SoSf9qo,2,Autos & Vehicles
How Much Tape To Stop A Lamborghini?,pS-fFdvyHLE,2,Autos & Vehicles
도로 위를 굴러가는 폭탄.. 모두 발만 동동 구르는데,xfRUjMQiQt4,2,Autos & Vehicles
페라리 번호판이 왜 바닥을 보고 있을까?,m5e6x_9WTWk,2,Autos & Vehicles
Part 378 gear repair Cold Tacking welding..😱,hutF27S3A00,2,Autos & Vehicles
F1 레이스카 타이어 색깔의 비밀!,2waPPSIY30s,2,Autos & Vehicles
포르쉐 구독만하고 받아가세요,nHRMEP03lNk,2,Autos & Vehicles
미래형 자전거에는 체인이 없을 예정,ACbZVxT16Q8,2,Autos & Vehicles
전기차 220v로 충전하는 신박한 방법⁉️ #트위지 #소형전기차 #전기차220v충전,CPtT2Uytrks,2,Autos & Vehicles
아이오닉9 최초공개! 존재한적 없는 디자인에 충격!,8xi6L0PFWR8,2,Autos & Vehicles
2억짜리 자동차를 구매한 고객의 정체가 소름돋습니다,gCtiUQ9iHyo,2,Autos & Vehicles
WAY TO RISKY   TO BE ON THAT BIKE AT THAT SPEED.   AND COPS. GETTING THATS CLOSE #cops,5ONBpxh2UvA,2,Autos & Vehicles
Ремонт пластиковой клипсы бампера с помощью стяжек и шайб😎,KzcYDjksNpA,2,Autos & Vehicles
DIY Tip for Removing Stuck Tractor Spark Plugs #shorts,l9Hs5GGs200,2,Autos & Vehicles
LINK IN BIO 👈🚗 Discover the best accessories for a sleek #CarAccessories #Autopro886 #autopro866,fANsFL77jSo,2,Autos & Vehicles
과속방지턱,p3vDq8AXAss,2,Autos & Vehicles
어? 위아래로 밟아야 하는 자전거,5-ML5bbbE5M,2,Autos & Vehicles
BMW M1 vs BUGATTI CHIRON #bmwm1 #bugattichiron #m1 #chiron,dthL29jzGrw,2,Autos & Vehicles
여러 경우의 수를 대비해 운전자를 보호해 주는 폭스바겐,g7244L1mYKA,2,Autos & Vehicles
과연 누가 이길까??,KRNnGsWJHiM,2,Autos & Vehicles
오토바이가 멈춰선 이유,X20zpb01zuU,2,Autos & Vehicles
굴착기 작업 중 갑자기??,T5FayK5K_2k,2,Autos & Vehicles
Petty Revenge: Parking Wars Begin! 🛒 #shorts,JFpVD0dk59Q,2,Autos & Vehicles
These cars did NOT want to stop 😂 #funny #shorts #shortsfeed #protest #funnyshorts #fails #cars,yboSoqsamdQ,2,Autos & Vehicles
that’s what 2000 horsepower looks like do #car #lamborghini #shorts #svj #aventador,OEjgj9lVeUw,2,Autos & Vehicles
자동차 타이어 교체시 사기 안당하는 방법!,HOmT9c-x-Cc,2,Autos & Vehicles
트럭 하차의 역순,JW2xlmW7zjE,2,Autos & Vehicles
lets race#ulzzangboy #racelover #ulzzang #race #ulzzangstyle #kdrama #animeboy #anime #skate #moto,UI8ve5bedbE,2,Autos & Vehicles
회장님들의 로망 ’마이바흐‘,2iNpe7aytPw,2,Autos & Vehicles
세차를 미칠듯하게 간지나게 하는법,RHyJ24MeTgM,2,Autos & Vehicles
양보운전  끝판왕 #양보 #배려 #고수,8E4uIFOjG7g,2,Autos & Vehicles
페라리 푸로산게의 170만원짜리 옵션 클라쓰ㄷㄷ,XUwLkzjR3Qk,2,Autos & Vehicles
독일의 배수구 청소 트럭 🤩,9lB3BkEltoE,2,Autos & Vehicles
Есть ли в этом авто видеосистема интеллектуальной помощи водителю?))),rA0J78G75Ig,2,Autos & Vehicles
Volkswagen Golf R variant #volkswagen #car #life,VeZOYpNHT7Y,2,Autos & Vehicles
역대급 럭셔리 미래차!,UEDrqSis3pk,2,Autos & Vehicles
G-DRAGON - HOME SWEET HOME (Official Audio) (feat. TAEYANG & DAESUNG),fLi0EJfi_vg,10,Music
Letter To Myself,8-NEOVSEvCk,10,Music
Every Moment With You (너와의 모든 지금),YLxEK0ZKx9A,10,Music
ROSÉ - number one girl (official music video),pZ1NdE69VTs,10,Music
임영웅 IM HERO THE STADIUM '별빛같은 나의 사랑아' | 임영웅 리사이틀(RE:CITAL) Ticket Open 기념,hJJmjq-q5_I,10,Music
POWER (POWER),G7Vixoao0bM,10,Music
Disaster,wZob2Ltdfzc,10,Music
Point Nemo (포인트 니모),G19Gdxd9vwg,10,Music
Hot Mess,GFq4sJFv4_k,10,Music
ROSÉ & Bruno Mars - APT. (live from MAMA awards 2024),Jn8KvdWagfo,10,Music
number one girl,kkI_K_rvfa0,10,Music
나였으면,Kkhr5V7ZHSU,10,Music
Stitching (그걸 사랑이라고 말하지마),ToKI9mUc5B0,10,Music
TOXIC,BzlSXANbWRI,10,Music
진 (Jin) 'Running Wild' Official MV,uoHol5Dr_go,10,Music
Skrr (feat. GISELLE),Yc4gp6oeN7k,10,Music
Derre (데레),6QsETNWBV4Y,10,Music
ILLIT (아일릿) ‘Tick-Tack’ Official MV,-nEGVrzPaiU,10,Music
DRIP,HkiaLCniIj8,10,Music
APT (아파트),FJlqqA3sAMU,10,Music
[황영웅 정규앨범] 가을 끝 사이,3QoSBJVNMuw,10,Music
[조각집🎨] '바람' IU Live Clip (With 윤하),xRDKQic90dE,10,Music
BODY,wQTczjAvdMg,10,Music
Heart on the Window (with 웬디),KlAxdVCDzUU,10,Music
When I'm With You,2a_dPfJubeM,10,Music
Whiplash,7Jan-2W-IdY,10,Music
NewJeans (뉴진스) KGMA 2024 Dance Practice,KREKSUPia3k,10,Music
QUASAR (퀘이사),nIVWsVFtPOk,10,Music
MEOVV - ‘BODY’ PERFORMANCE VIDEO,yFGsw8phPn4,10,Music
Supernova Love (Supernova Love),I2s3ERIMz3c,10,Music
"""넌 끝까지 정말.."" 사람이 전부였던 반려견의 마지막 행동",LB--ZgitA7Q,15,Pets & Animals
겨울철 허스키 견주들이 겪는 대환장 파티,76ddgz6pwjA,15,Pets & Animals
수박 과육 맛을 알아버린 고양이,ieQm0OSh5uM,15,Pets & Animals
말과 함께 자라난 소녀,UErL_dBsshY,15,Pets & Animals
"진흙탕에서 신나게 놀고 온 댕댕이, 입속에서 발견된 것의 정체는?",IoJQYN-YcA4,15,Pets & Animals
"주인이 사라지자 두리번거리는 댕댕이, 이 행동의 진짜 이유는?",wXp-4D1yWHM,15,Pets & Animals
자신의 새끼를 맡기는 어미 고양이,Je9uaUOaxso,15,Pets & Animals
소녀시대 만난 고양이,AV27OntxTNI,15,Pets & Animals
A heartfelt tale of sailors rescuing a severely injured mother polar bear trapped in a net#polarbear,BSyXlpvwnqc,15,Pets & Animals
6개월 만에 주인과 재회한 댕댕이의 반응,0nabam4tSu4,15,Pets & Animals
사자가 하이에나 목덜미를 물어버린 이유,tWDSEb2Ok9I,15,Pets & Animals
"하이에나 무리에 홀로 뛰어든 사자, 새끼를 죽이지 않는 이유는?",uQucdgwjSJw,15,Pets & Animals
강아지는 분명 산책을 좋아한다 그랬는데... 🙄,kbfrIrndIsY,15,Pets & Animals
주인을 보고 모든지 따라하는 댕댕이의 결말,TMgynGzejsU,15,Pets & Animals
"""우리 엄마 어딨어?.."" 댕댕이가 보호자를 힐끔 쳐다보는 이유",_4Sf2y8qhfI,15,Pets & Animals
술 먹은 주인에게 침대 뺏긴 댕댕이 ㅋㅋ,o2rqTCDGpPA,15,Pets & Animals
"당구 천재 고양이, 흰공까지 완벽하게 처리한 비결은?",DlSReT_qJo0,15,Pets & Animals
목숨을 걸어야 하는 고양이 미용,YLqWTujSvc8,15,Pets & Animals
울 냥이 거가 제일 커야 된다는 집사,gHycpW7U7tA,15,Pets & Animals
"""아빠! 나 아파.."" 주인에게 안긴 덩치큰 댕댕이의 행동",VavTDrSvSVI,15,Pets & Animals
두 번째 주사는 못 참아! 엄살쟁이 시바견의 병원 방문기,FZR6UOd1-ng,15,Pets & Animals
남자들은 잘 모르는 여자의 의외 이별 시그널,-dwaB-A0ek0,15,Pets & Animals
강아지한테 전재산 맡길 수 있는 이유 (진돗개),-_APU3KKTdw,15,Pets & Animals
내 부탁좀 들어주소 몽실아 ㅋㅋ #남해 #goldenretriever #리트리버 #강아지 #babydog,9Ym2q7N7dCY,15,Pets & Animals
자꾸 누워서 살아남은 레전드 동물 ㅋㅋㅋ,jVB2SSmBepU,15,Pets & Animals
야생동물 코미디사진 수상작,UbhZd9CdqAI,15,Pets & Animals
그래서 아기 고슴도치들의 아빠는 누구?,gWo5UEkvaVw,15,Pets & Animals
7살 아들이 강아지 키우자고 졸랐을때 엄마 반응 #shorts #유머짤시리즈,pR6ASW7bSiY,15,Pets & Animals
내새끼 이쁘냥,IBbYPBbTJtM,15,Pets & Animals
아빠 좋아하냐고 물어봤더니,3nHCvsRel4s,15,Pets & Animals
[귀여운 동물들] - 큰일이다. 집사가 너무 일찍 왔네. 어떡하지...,uUipj9AbxTE,15,Pets & Animals
불에 다가가서 몸을 비비는 새,gY-1xvzNNZs,15,Pets & Animals
1일 연예인 체험 브이로그,R5SW8Y5YcVM,15,Pets & Animals
#말하는강아지 를 처음 본 강아지들 @kiyomibori,lwLRhvug2fs,15,Pets & Animals
얼떨결에 방귀 냄새를 맡은 댕댕이가 보인 기막힌 반응,R_seB3o9Csk,15,Pets & Animals
집 안 들어오는 집사 혼내는 고양이 #동물 #고양이,rcl6EtZZq04,15,Pets & Animals
"""주인아 나 좀 살려줘ㅠ.."" 댕댕이가 갑자기 문을 두드리는 이유",PpVR2PCeZR0,15,Pets & Animals
동물병원 대기자,q5b2naI8Frs,15,Pets & Animals
여친이랑 같이 잘 때 특징ㅋㅋ,6dkZlmAB8Ww,15,Pets & Animals
시각장애인 주인 집안일 돕는 강아지 #시트콤,k7p8D7N5P5Y,15,Pets & Animals
Fish and Snake fight !!,jutCo1jEr7Y,15,Pets & Animals
"""왜 나만 갖고 그래!"" 댕댕이가 억울한 이유",XF1gVY9drP4,15,Pets & Animals
개가 주인의 스윕에 능숙하게 대응합니다!,ur6dn_sgAV8,15,Pets & Animals
뽀뽀 피하면 생기는 일..,JOUK2iZp1-I,15,Pets & Animals
왈왈 팬서비스가 확실한 편,HSYVsaqNLB4,15,Pets & Animals
Vui mỗi ngày #dog #sukenpet,J4LTHZWvtiI,15,Pets & Animals
Pathway through two tanks🥰💯#fish #aquarium #shorts #viralvideo #pathway #shortfeed #pets #new,uKV6Qtw1oGQ,15,Pets & Animals
냥이가 애타게 찾는것의 정체,ffjiXzNtffY,15,Pets & Animals
냄새로 모닝콜 해주는 미어캣,KJ_NW7wS-zk,15,Pets & Animals
댓글 개터짐 ㅋㅋㅋ 알알이들이 골라준 드레스💖 #아랄라얍 #shorts,Zt1YJKoRIdw,15,Pets & Animals
UFC 선수 집에 침입한 도둑,oqDMtWw5foU,17,Sports
나이 64세인데 막내면 생기는 일ㅋㅋㅋ #shorts #최강야구,5lRHBYPqXcI,17,Sports
승부차기를 전부 날려버린 이유,j9OEIYx52Hw,17,Sports
바디샷 챌린지가 재밌는 알렉스 페레이라 #ufc #mma #alexpereira #donlee,7_yjZw2-BfU,17,Sports
아직도 의문이라는 배구계의 사건,IEIEl1wEsSY,17,Sports
복싱 챔피언이 경기 전날 꾼 꿈 ㄷㄷ,XDXhoPdpVmU,17,Sports
세계최고 높이의 점프(tanner.witt)👊,Uu6ILYKpkEE,17,Sports
2028 LA올림픽에 스피드가 출전하는 이유,Vw-MkNpUACk,17,Sports
대한민국을 지게 만들려고 혼자 한일전하던 일본주심!,48R0dFoqfeA,17,Sports
스포츠 역사상 최고의 하이파이브!,BsRhgzKLJFE,17,Sports
훈수 두다 딱 걸린 관중,17h5j0mOdNI,17,Sports
유럽 축구팀엔 '세트피스' 코치가 따로 있다?,mbo1LyyYQ7w,17,Sports
낭만 넘치던 그 시절 레슬링,j89gFiWjuOc,17,Sports
남자라면 얼굴은 몰라도 목소리는 다들안다,3SQn4cpkNj0,17,Sports
역대급 상을 수상해버린 스피드..,1TsNfOP0mso,17,Sports
페레이라 얼굴이 다 빨개질 정도로 강하게 진심모드 스파링... ! 한국 헤비급 복서들 vs 페레이라 스파링,g5DXsvdjbuk,17,Sports
야구중 빡친 할아버지 🤣,hjAlOw-YSvQ,17,Sports
한국 챔피언을 도발한 일본선수의 최후,1uye_APAn4I,17,Sports
단 40초를 위해 인생 걸었지만..,IP_ePtS-LUw,17,Sports
유이 철인3종경기 완주 성공 #무쇠소녀단 #유이 #철인3종 #철인3종경기,oLY9JurtTq4,17,Sports
동현이 형 어깨 빠졌대요,EE11q40D9w8,17,Sports
정말로 최선을 다했습니다,FFtfxB4mGzo,17,Sports
제이크폴이 도발한 복싱챔피언들 Boxing Avengers #boxing,aR-1yDo29gk,17,Sports
마이크 타이슨 vs. 제이크 폴 경기 결과,ioLGB5NvUw8,17,Sports
ㅎㄷㄷ한 대한민국 초등 저학년의 멀리날리기 실력…,LyZMRadpY-o,17,Sports
패스트볼에 강해? ‘안 던져’가 안 되는 이유,ksuVYOafLVM,17,Sports
이대호가 메이저리그에서 빠던을 하면 벌어지는 일 ㄷㄷ #shorts,pGuTmUrhplw,17,Sports
야구팬의 로망 #프리미어12 #야구 #낭만,YeXrt6UehB0,17,Sports
농구공 기네스에 도전합니다.,ItpW6t0WXKQ,17,Sports
수비수인데 골을 너무 잘 막음,Xb8iBVUWIBA,17,Sports
대한민국 비밀병기 김서현? | 한화이글스 김서현,ei0N4GwqBmY,17,Sports
짧은거리 칩샷 쉽고 간단하게 성공시키는 방법 Eazy and simple approach technique⛳️,RJCp-zAPIZg,17,Sports
드디어 한국에 상륙한 알렉스 페레이라 ㄷㄷ,6XJsx8K4nhs,17,Sports
[2026 FIFA 북중미 월드컵 아시아 3차 예선] 팔레스타인 vs 대한민국 풀 하이라이트,NHg2e9mwO3I,17,Sports
"오재원 지각 대타, 화장실서 뭐했어? #프로야구",V8PThm6tpVU,17,Sports
호날두가 긴팔만 입는 이유 #shorts,x5s__w9M4Mc,17,Sports
한국인 도발한 게이머의 최후,HEvYnj-yTyE,17,Sports
박지성과 호날두의 특이한 일화 모음,5IEjhnNsMs0,17,Sports
쉬지 않고 4명 상대한 페레이라🫠 내일 저녁 풀영상이 업로드됩니다!!!!🔥🧟🗿#페레이라 #샤마 #코리안좀비,_YrOxsKBUZM,17,Sports
선수는 습관 있으면 안됨,gI1le5YA9Q0,17,Sports
차두리 은퇴 매치에서 펼쳐진 대환장 파티! / (대한민국 vs 뉴질랜드 / 2015. 3. 31.),WYpaMUlusjw,17,Sports
일본 유도 참교육한 한국 태권도,eXa_9qN-1dE,17,Sports
"배준호,양민혁 국대 차기 7번은?🤔",KPt63a-IEmQ,17,Sports
경기 후 어이없는 상대팀 행동에 분노폭발한 손흥민,05b_dBvdGHQ,17,Sports
다혈질 성격 복싱 선수 MMA | Temperamental boxer | 당신이 몰랐던 사실들,xDGpxoXWod0,17,Sports
손흥민이 작정하고 달리면? 딱!!!,g-GfP5guJP0,17,Sports
자신도 만족스러운 지구최강 현역 파이어볼러,6F2eoDtf7x4,17,Sports
피파 규칙을 바꾼 네이마르의 독특한 페널티킥 방식,07tza0SxVxw,17,Sports
Why Taekwondo Is Scary #태권도,peR01ko9dKc,17,Sports
야구장갈래 #사직야구장 #롯데자이언츠 #야구장이벤트 #kisstime,R9P1N8uQL-o,17,Sports
세체정의 꽃은 또 다시 피어서 돌아왔다,eoLdV2uxQTg,20,Gaming
마인크래프트 후렴과 러시안 룰렛!,7CvvgAQUPZQ,20,Gaming
우르곳에서 살아남기,UiBEQ6ejvRo,20,Gaming
무너진 집 구경왔습니다~,laPFi8SBvw8,20,Gaming
이번 SLL 팀을 어떻게 짜야할지 모르겠습니다.. 【저토브리그 1화】,LCSDdwXaF-4,20,Gaming
전부 다 의사인데 사람이 죽는 미친 마피아게임 ㅋㅋㅋ,1az_TSb6kU0,20,Gaming
러시안 룰렛,pjWLYtGi0OM,20,Gaming
"""형.. 이라고 했다.."" - 락다운 프로토콜 합방(풀영상)",i9yjLQNiEFk,20,Gaming
"전세계 최초로 탑 탐켄치 챌린저, 혼자 게임 터트리는 미친 전략 ㅋㅋ 맷맷 장인초대석 [테스터훈]",ysrjVsNK9xM,20,Gaming
7화공 500스택과 9정복자 1500스택을 1판 안에서 다 먹는 미친 사람,w6QcIvyMtqc,20,Gaming
니 우르곳 쩔더라,tQE7ytEkrZM,20,Gaming
"반전의 반전의 반전.. 제우스 재계약 관련 모든 과정 공개, 지금까지 알고있던 거랑 아예 다른데요?",pij8Z1Pscmo,20,Gaming
거지 벙커 VS 부자 벙커,Om05EB1s5sE,20,Gaming
"""조회수 200만 간호학과 여대생"" 또 만났습니다 시험 끝났다고 진짜 만나자네요",WrfOIgHPYEA,20,Gaming
본캐 대대발표 3000조 팀갈 메시 사서 바르셀로나 갑니다,W9HLcXnkxd8,20,Gaming
초능력 세계에서 히어로로 100일 동안 살아남기 (하드코어 100일 생존),STU-g60Kubw,20,Gaming
누가 우리 문도 좀 잡아주세요 제바알!!!!!!!!!!!!!!!,Lq3C7RXVO_U,20,Gaming
로블록스 하자,87lSlhj8cBE,20,Gaming
드립을 참기 힘든 데스노트 마피아ㅋㅋㅋ,_AoV_UU_hQc,20,Gaming
"왕퀘의세상, 그리고 지존달성 ㅋㅋㅋ ㅣ 메월클바 #7",xUXlqlfQCwo,20,Gaming
2.7 버전 「여덟째 날에 오르는 여정」 프리뷰 스페셜 프로그램 | 〈붕괴: 스타레일〉,g7pMe5voWuI,20,Gaming
24시간동안 잼못타에서 영어쓰면 태초마을!? 모찌엘 잘가~ ㅋㅋㅋ,BttZlRG9nag,20,Gaming
홍구 : 어 형이 방해해줌 ㅋㅋㅋㅋㅋ,jAtJv5KfI9o,20,Gaming
알파고가 세상에서 제일 소중히 여기는 유닛 스카웃을 똥 쓰레기 같은 유닛이라고 모욕하는 상대ㄷㄷ 그의 최후는 과연..!?,qAaW4uc_mNU,20,Gaming
지금껏 본 매치 중 가장 치열했던 역대급 경기 [GEN VS PRX],OxDscu6P5R4,20,Gaming
"👉너? 👍잘한다! 👉너? 👍최고! | 구SKT 향우회 feat.지선님 , 오너 , 로치 , 톰| 락다운 프로토콜",eFcEc0G3188,20,Gaming
먹어야 산다,YTK5nh1qI7c,20,Gaming
(영구정지완료)모두가 기다렸던 역대급빌런 나비의 업보청산 최종화 [로검사 TV],FHPTwZMuRuY,20,Gaming
프로젝트문 8주년 기념 방송  / ProjectMoon 8周年記念放送 / Project Moon 8th Anniversary Livestream,XW3Wh4n2Q8I,20,Gaming
전쟁권의 주인｜라그나로크 5회차 #4 (완결),o1gGnAa2XHM,20,Gaming
하이퍼차지~,KtlcOIpdvgc,20,Gaming
24.11.22(금) 【 인피쉰 생방송 다시보기 】 스타 빨무 스타크래프트 Starcraft,oUNYOunR3OY,20,Gaming
이딴 게... 7만원... 팬텀이 역대급인데...? [신스킨 컴뱃 크래프트 리뷰],6vkkQKifbEc,20,Gaming
나를 재밌어하는 남자 | 해기 X 클리드 듀오,YDTStjDY9lc,20,Gaming
버튼 찾기 빼고 다 나오는 버튼 찾는 맵 ㅋㅋㅋㅋ(마인크래프트),DQBjST3fmEw,20,Gaming
[로블록스] 인류를 위협하는 바다 괴물들이 로블 세계에 등장했어요!! - 민또 경또 -,Bh8Lx7-mk6o,20,Gaming
딸깍 한번에 아이템이 복사가 되는데 어떻게 참아!!!!! (도파민작),bvqExNpmOFQ,20,Gaming
역사상 최강의 완드 지름기,Znn6TQI9ACU,20,Gaming
김병만 30억 퐁퐁 레전드사건 ㅋㅋㅋㅋ,5cGXFWsAPik,20,Gaming
해저드 소개 영상 | 오버워치 2,dbmBJL7Se9o,20,Gaming
운영자를 죽이면서까지 만들고 싶었던 블랙 드래곤 드디어 만들었습니다!!!! (로블록스)  - 킹피스,uhz02nFd9Hk,20,Gaming
【롤토체스 강의】나오면 무조건 하세요 점수를 무한으로 복사 시켜주는 최강의 리롤 아칼리덱 핵심공략(롤체 시즌13 티어덱 1티어 챌린저 구루루 롤토체스 초보자 강의 3성 세트 트페),9LhTrO8TMlw,20,Gaming
1시간 먼저한 친구들 1초만에 넘어버림 ㅋㅋ 현질을 과연 했을까? 무과금 vs 현질?..,fpxOkpFoFcU,20,Gaming
진짜 소름이 돋아버리는 '틱톡커' 여자친구 (공포게임/Terroro),D2rYY8w2BAQ,20,Gaming
배그 레전드 상황 발생,pM-JIiS7n4A,20,Gaming
아니 레알에 이런 공격수를 출시하면 어떻게합니까 운영자님.,Clf-jUN_MnU,20,Gaming
'Q선마 풀마관 빌드'로 신이 돼버린 탑 빅토르.. 이거 지금 못 막습니다,B1j9I_ygFW4,20,Gaming
최1면어플을 쓰는 탈모탄 조,JGDguBHGqo8,20,Gaming
드디어 청운검에서 업글 할 기회가 찾아왔다..,FddhKWuK5Xk,20,Gaming
눈앞의 이익 쫓다 T1코인 날렸다 (feat. 페이커의 거절),1W6baqvlMSk,20,Gaming
"sub) 강의 노트 만들고 실험 준비 📝 스페인에서 아기천사 죽일뻔함 🇪🇸 FC바르셀로나 vs 레알마드리드 직관ㅣ바르셀로나, 마드리드 브이로그",RyRK_WVKucw,22,People & Blogs
남의집 둘째 소식에 눈물 쏟던 과거 청산 | 캐나다 싱글맘 브이로그 🌱,zupTSXsbXzI,22,People & Blogs
ENG) 소매치기 개노답 브이로그🇫🇷 (+PMS),VDTxqAS9pi4,22,People & Blogs
"Homebody in Korea | Korean apartment tour, getting settled in, meeting friends, food delivery",rsFpUdxN80U,22,People & Blogs
"뉴욕여행 브이로그 ✶ 뉴욕 물가 경비 공유, 나혼자 뉴욕 한바퀴🇺🇸, 브루클린 쇼핑, 버킷리스트 이루다..♡타임스퀘어, 뉴욕여행 숙소 추천",odvPkVwX1bI,22,People & Blogs
"London 🇬🇧ㅣ런던 감성 가득 담은 여행 ep.1ㅣ노팅힐, 시내투어, 세븐시스터즈ㅣ예쁜 숙소 추천ㅣ아이와 둘이 런던 여행",0xfHZwi_XiI,22,People & Blogs
"이제 보내줄게, 안녕..👋상담비만 1,000만원 들이며 치열하게 싸웠던 어느 현실부부의 이야기",sUM0pWbGoq0,22,People & Blogs
휴학 계획서 제출합니다.,F4M2UNmD7cY,22,People & Blogs
"직장인 vlog. 인바디 공개, 연말 목표 • 한남 쇼룸 쇼핑(유라고, 락피쉬, 모이아) • 헤어 염색, 한남 부첼리, 출근룩 코디, 점심 도시락 싸가기",erMsPXdm32A,22,People & Blogs
🇺🇸미국 일상 브이로그 | 🎃미국버전 귀신의집..? | 건조 끝판왕 사막 Night Routine✨,_ygmr04g2JY,22,People & Blogs
자취 일상 ep.02 / 겨울맞이 조각조각 일상 모음 ❄️,cpkpklSHyBU,22,People & Blogs
Unity in the rural family.👤 Shirvan strives for the rapid progress of things,u54w0Q1pwUQ,22,People & Blogs
MOVING INTO MY DREAM APARTMENT AT 20,oVhtS60tOK4,22,People & Blogs
"네이버 아이디만 있다면 당장 시작하세요. 퇴근 후 15분만 쓰면, 다음 달에 돈 들어옵니다 (아나브)",zB7WIsy1O_w,22,People & Blogs
여자 혼자 잘 살면 가만두지 않는 세상을 살아가는 법,EKsUn1-DoCg,22,People & Blogs
Người Cuối Cùng Rời Khỏi NHÀ BẰNG NHỰA 0 Sao vs 5 Sao sẽ Thắng 10 Triệu,fZ7yGb1dGAA,22,People & Blogs
크리스마스 극한알바,qVUnCqa0qD8,23,Comedy
KBS vs SBS 개그맨 대기실 분위기,fu3Qa4tjRZE,23,Comedy
순박한 시골청년들의 국제결혼,KMG6rZbgXmM,23,Comedy
귀신의 집 가본사람???,QsrjF8FBT4U,23,Comedy
남편 몰래 자식 끼니 챙기는 엄마 #응답하라1988 #응답하라1988명장면,5fm015cTpmY,23,Comedy
나 아눼~ #런닝맨,70OjD-AsmKA,23,Comedy
손님에게 지네로 담근 술 주는 마동석 #함정,bqKKT9DLvlM,23,Comedy
여자 화장실에서 화장 고칠 때 기싸움이 벌어지는 이유,VfnLpfVf5pI,23,Comedy
자식농사 역대급 대흉작이 떠버린 이사라네 부모님 ㅋㅋ,9hS1uMTIANE,23,Comedy
압박면접 대처법,dBqe_F5gkB4,23,Comedy
투정 부리는 형과 복장이 터진 아우 #가문의부활 #신현준 #임형준,uT7aVA61v8k,23,Comedy
횟집에서 여자가 닭도리탕이 먹고싶어진 이유,U69c2-avwdo,23,Comedy
게스트 한 명에게 전부 낚인 아형 멤버들ㅋㅋㅋ #shorts #아는형님,jhKhleJmz_I,23,Comedy
미미미누 볶음 전문 걸그룹 멤버,4y4w-P15r5c,23,Comedy
놀이동산 이용권이 120만원이면 생기는 일,Ssi4tY9kTN0,23,Comedy
간이 배밖에 나온 #양세찬 #장도연 앞에서 #이은지 꼬시기 #코미디빅리그,2y2pbxl3MeA,23,Comedy
동창회 가는 이유 #응답하라1994,EcUc6r3ELdw,23,Comedy
충청도식 화법이 답답해죽겠는 연예인들ㅋㅋㅋㅋ,Peu53eD4I-c,23,Comedy
파업을 선언한 피카츄,U_zCuh3JRWs,23,Comedy
소대장도 나서서 털어주는 행정병 조진세 #신병2 #신병 #군대,3A6ZYjIraNc,23,Comedy
이구역 지배자는 나야나😎,Hva6WJMdtyQ,23,Comedy
라떼는 진짜 이랬음 정말임,rs0AZzvGLEY,23,Comedy
관리소장한테 혼나는 담임과 지금,xFh2yCgJZPw,23,Comedy
김창옥 갱년기 부부의 반전 사연 2편 #위로 #명언 #동기부여 #삶의지혜 #인생조언 #성공 #감동 #인생명언 #자기개발 #자기계발 #행복 #인간관계,FjIE40fDCBQ,23,Comedy
냄비밥을 먹게 된 이유,7g5HvlnwSOk,23,Comedy
인격은 말에서 나오지 #하루1분 #시트콤 #몽땅내사랑 #드라마,r-SBHHj29FQ,23,Comedy
여자들이 답답해하는 남자들 특징ㅋㅋ #스케치코미디 #코미디 #개그,JxxWDCNbY_8,23,Comedy
울버린의 슈트만 폭발한 이유,ZPK_IzXxOEA,23,Comedy
의리 최고라고 평가받는 낭만의 재벌 레전드 일화,mgd9H56_zzo,23,Comedy
부잣집 사모님이 말 안 통하는 남편을 설득하는 방법ㅋㅋㅋ #shorts #정숙한세일즈 #김소연 #김성령,CD8CGgfqy-Q,23,Comedy
지드래곤 앞니 드립 치는 정형돈,Y1nUeZ4mSyk,23,Comedy
애 하나 박자 / [그것만이내세상] 지금 티빙에서,3aSb_nkfe04,23,Comedy
기상캐스터가 배꼽티에 음주 방송을 하면 생기는 일 #질투의화신,iNq2Cxk7Tm4,23,Comedy
라면 끓이는게 맘에 안드는 유재석 반응#런닝맨#김종국#지석진#양세찬#전소민,zPlIA3L3JVQ,23,Comedy
내 X빤다고 공짜로 밥 처멕이겠나? #범죄와의전쟁,rcPsS5gAcDc,23,Comedy
재벌 여친의 부자 모임 서열정리 #shorts,u5CfHHy7JEg,23,Comedy
🇰🇷🇯🇵🇨🇳 택시탈 때 나라별 특! #shorts #유머짤시리즈,NDPPvaVixZM,23,Comedy
잘못했습니다 도연씨!!  #코미디빅리그 #장도연 #양세찬 #육아is뭔들,old5VpEEmXY,23,Comedy
사회 초년생들이 허세 떠는 법..,7amUv4qUC2I,23,Comedy
엄마를 식모취급하는 가족들;;,XxS4yLfUSFc,23,Comedy
이영자를 닮아서 고민인 남자,zLbQsINPLtM,23,Comedy
쪼꼬미 너나 지켜ㅠㅠ [니노상]#하니 #Hanni #ハニ #NewJeans,RseiMZHgvSs,23,Comedy
코인헬스장,MyYmloTnBlY,23,Comedy
노인이 젊은 여자를 애인으로 만드는법,NZox_TOEWVc,23,Comedy
나는 성격이 급해서...일상인걸..ㅋ#커피 #언니뽕 #꿀잼 #웃긴영상 #웃긴짤,DQCz92B61Og,23,Comedy
동현이 형 어깨 빠졌대요,EE11q40D9w8,23,Comedy
해병대 등장 모음 1탄입니다!! #코미디빅리그,-UDPmHsu9sA,23,Comedy
"아저씨와 댕댕이의 비밀 작전, 완벽한 팀워크의 승리?!",jOREntdcWuc,23,Comedy
중국인 외치며 인종차별하던 외국인 3000명 참교육한 한국인,YpZJINFSm44,23,Comedy
[SUB] 변우석의 웃으면 안되는 생일파티,ALl7Fe_GG3U,23,Comedy
외국에서 문제가 생기면 대사관에 가야하는 이유,xJZXciLjiic,24,Entertainment
처음보는 여자한테 20살까지 조심하라고 한 이유 #미스코리아,Gzm2xZDS3rc,24,Entertainment
개인의 일을 부대로 끌어들이지 말도록 #연평해전,49kQ8O9n4MI,24,Entertainment
일진 보다 약간 모자른 이진,KiE7CMtiPhE,24,Entertainment
KBS vs SBS 개그맨 대기실 분위기,fu3Qa4tjRZE,24,Entertainment
어쩌다 이렇게 된 걸까...,goKARrEgkCM,24,Entertainment
순박한 시골청년들의 국제결혼,KMG6rZbgXmM,24,Entertainment
짱구판 스파이 패밀리 #짱구 #애니메이션 #shorts,6w3CXZh27Wc,24,Entertainment
나영석 댄스에 자지러지는 아이브 ㅋㅋㅋㅋ,6W-Eqd2kC4Q,24,Entertainment
남편 몰래 자식 끼니 챙기는 엄마 #응답하라1988 #응답하라1988명장면,5fm015cTpmY,24,Entertainment
나 아눼~ #런닝맨,70OjD-AsmKA,24,Entertainment
손님에게 지네로 담근 술 주는 마동석 #함정,bqKKT9DLvlM,24,Entertainment
저기요 꺼지세요,sNNxaAxnQfc,24,Entertainment
여자 화장실에서 화장 고칠 때 기싸움이 벌어지는 이유,VfnLpfVf5pI,24,Entertainment
자식농사 역대급 대흉작이 떠버린 이사라네 부모님 ㅋㅋ,9hS1uMTIANE,24,Entertainment
투정 부리는 형과 복장이 터진 아우 #가문의부활 #신현준 #임형준,uT7aVA61v8k,24,Entertainment
드디어 성사된 이상수 배 vs 페레이라 진심펀치... 페레이라도 인정했답니다,5sJ7M-aRXQI,24,Entertainment
많이 혼나게 생겼어 #오징어게임,p7Fms-pmRXE,24,Entertainment
횟집에서 여자가 닭도리탕이 먹고싶어진 이유,U69c2-avwdo,24,Entertainment
술집에서 처음 만났지만 가족이된 우리 #강남비사이드,Sdfhk8jtJcU,24,Entertainment
한쪽 고막이 없는 이시언!,iGa1UajUDjk,24,Entertainment
게스트 한 명에게 전부 낚인 아형 멤버들ㅋㅋㅋ #shorts #아는형님,jhKhleJmz_I,24,Entertainment
미미미누 볶음 전문 걸그룹 멤버,4y4w-P15r5c,24,Entertainment
짱구도 아직 사랑받고 싶어요 #짱구 #짱구는못말려,_vnkmbon0MY,24,Entertainment
자식의 마음을 깨닫게 된 부잣집 사모님의 행동 #shorts #정숙한세일즈 #김소연 #김성령,XtiHeM3ikCw,24,Entertainment
놀이동산 이용권이 120만원이면 생기는 일,Ssi4tY9kTN0,24,Entertainment
A woman performs a fusion with the fox on AGT #americagottalent #magic,QHWiCcLSyAQ,24,Entertainment
간이 배밖에 나온 #양세찬 #장도연 앞에서 #이은지 꼬시기 #코미디빅리그,2y2pbxl3MeA,24,Entertainment
동창회 가는 이유 #응답하라1994,EcUc6r3ELdw,24,Entertainment
진짜 아빠를 구별하는 방법,IvkNfIs_frs,24,Entertainment
충청도식 화법이 답답해죽겠는 연예인들ㅋㅋㅋㅋ,Peu53eD4I-c,24,Entertainment
콘테스트에 참가한 빠뻬삐뽀뿌 #미소의세상,1CgfBozcxoU,24,Entertainment
소녀시대 만난 고양이,AV27OntxTNI,24,Entertainment
파업을 선언한 피카츄,U_zCuh3JRWs,24,Entertainment
이구역 지배자는 나야나😎,Hva6WJMdtyQ,24,Entertainment
일타강사도 놀라는 과학고의 빡빡한 수업과정,rYOcvw-T9uQ,24,Entertainment
라떼는 진짜 이랬음 정말임,rs0AZzvGLEY,24,Entertainment
관리소장한테 혼나는 담임과 지금,xFh2yCgJZPw,24,Entertainment
유재석이 비행기 퍼스트 클래스 탔던 경험,2YDyM-bTsgM,24,Entertainment
A heartfelt tale of sailors rescuing a severely injured mother polar bear trapped in a net#polarbear,BSyXlpvwnqc,24,Entertainment
군생활 편해지니 막나가는 일이등병들 #신병2 #신병 #군대,wK-0L4rBwJc,24,Entertainment
인격은 말에서 나오지 #하루1분 #시트콤 #몽땅내사랑 #드라마,r-SBHHj29FQ,24,Entertainment
팬 장난에 속은 안유진 반응 ㅋㅋ: 아이브 IVE 앵콜 무대인사: 영화 아이브 더 퍼스트 월드투어 인 시네마 241102: AN YUJIN Stage Greeting,MKNtQKdPr6U,24,Entertainment
여자들이 답답해하는 남자들 특징ㅋㅋ #스케치코미디 #코미디 #개그,JxxWDCNbY_8,24,Entertainment
족보가 어이없네 #최악의악,njm6epyO53Y,24,Entertainment
남자들이 좋아하는 여자들 얻으려면 반드시 기억해야 하는 사실 #심슨가족 #thesimpsons,GNgeT7-Pw_Y,24,Entertainment
울버린의 슈트만 폭발한 이유,ZPK_IzXxOEA,24,Entertainment
내 팬이 닭꼬치가 먹고 싶다고 했을 때 #김재중,19mBBAFQ_dE,24,Entertainment
출소하고 클럽가서 원나잇하는 김우빈 #친구,r2mB3BSuX9c,24,Entertainment
왕년에 아이돌이었던 가수 무시하면 생기는 일 #자이언트,o-DQUoiYw2k,24,Entertainment
동료를 위해 거리로 나온 20만 명을 모든 사람들이 응원한 이유,4QlJPvxX8t4,25,News & Politics
스케이트보드를 타다 쓰러진 학생의 생명을 살린 남성의 놀라운 정체,5gHDocAfQkA,25,News & Politics
mbc 두 앵커의 핵사이다 클로징 멘트!  #조현용 #김수지 #mbc뉴스데스크  2024년 11월 20일,6mauUuIOKpw,25,News & Politics
"김어준의 겸손은힘들다 뉴스공장 2024년 11월 22일 금요일 [노종면, THE살롱, 한상욱, 미디어감찰반, 금요미식회, 허클베리핀]",cpNFSMdg6kM,25,News & Politics
중국 공안 추정되는 전화번호 저장돼 있었다 / 티조Clip #shorts,4V9i9wGqcEg,25,News & Politics
KBS 박장범과 김건희 모녀에 엮긴 구역질나는 진실 폭로됐다... 최민희가 작정하고 폭로한 사진 한 장에 현장 기자들까지 경악한 이유,Cs_pFrGQq3Q,25,News & Politics
트럼프가 윤 대통령을 안 만나주네 ㅠ @yonhapnewstv23,3bXO-IYgqiM,25,News & Politics
'넉 달간 실종' 중2 여학생 공개 수사 하루 만에 귀가#shorts,uCAms8vPDdM,25,News & Politics
"500만원 돈 봉투가 과자 값? ""그래도 OO법에 걸려요"" #JTBC #Shorts",iyUpFjDv1rc,25,News & Politics
대한민국 수도 서울이 야생동물의 낙원 된 근황 / 스브스뉴스,bStAoyX4VWQ,25,News & Politics
슬쩍 빨리 출발한 오토바이 황색 불 달리던 트럭…충돌 / KNN,zxmtUHOKdg4,25,News & Politics
"[뉴스 '꾹'] ""한국 미녀 인사에 쑥스러워"" '3인방' 영상에 中 ""와..감탄!"" (2024.11.22/MBC뉴스)",0dW-q7d_giI,25,News & Politics
"""3억 3천, 학교가 대신 내줄 생각 없어요"" ""저희가 어떻게 내요?""...'말 끊으며 언쟁까지' 동덕여대 면담 보니 (현장영상) / SBS",7LxV9xlPvv0,25,News & Politics
[동앵과 뉴스터디] ‘민주당 돈봉투’ 이제 송영길만 남았다? 검찰 “징역 9년 구형”_225회,4ZmHtzK2bWA,25,News & Politics
"“김어준은 수준 있네요” 명태균 전 변호사, 김소연은 왜 이럴까? 김종대X노영희 핵폭탄 투척!｜[김은지의 뉴스IN] 241120 방송 #시사인 #뉴스인 #명태균 #김건희 #윤석열",mfoJWRa0YvU,25,News & Politics
배소현이 사라졌다 [최대현의 이것이 뉴스다 2024년 11월 20일 (수)],qhjDX__n20o,25,News & Politics
"이준석 ""청개구리 尹, 명태균 말은 듣더라.. 메신저로 쓴 이유""  ""김여사, ‘김정재 모른다’···尹은 ‘김정재가 울고불고’""  ""尹, 여론조사 볼 줄 몰라…몇 대 몇만 봐""",9ry1icqsMxw,25,News & Politics
"신동욱 ""이재명 위증교사도 1심 유죄 사실상 확정…민주 내부 균열 시간문제"" (24.11.19.) | 국민의힘 신동욱 의원 | 파워인터뷰 | 국회방송",vbc7nWQdAdY,25,News & Politics
故 김문기 동생 “이재명 유죄 날 어머니 오열” / 채널A / 뉴스 TOP10,eDAUOeyP_2Y,25,News & Politics
저돌적인 경찰,n8fm6e81AhI,25,News & Politics
"[더잇슈] 이재명의 여섯번째 기소, ""세탁비까지 법카 썼다""",FBOrolIqH8o,25,News & Politics
"""보증금 못 준다"" 황당한 임대인..'피해 호소'",WoLIbF5arN0,25,News & Politics
뉴스튜브! 11월 21일 21:00,sUufOkXnRWg,25,News & Politics
"동덕여대 사태 54억 피해액 배상은 누가?...""범죄 종합세트 수준"" [뉴캐]",NN2Bdj9HceY,25,News & Politics
뉴스위크 인터뷰한 윤석열,QnXvcom6jJU,25,News & Politics
[단독영상]스톰쉐도우 12발 강타! 북한 장성들 지휘소 폭사?!,gHoKupX05XQ,25,News & Politics
"""개는 무서울 때 짖는다""…푸틴, 3차대전 들먹이는 이유 ㅣ 조한범 박사",jJrp-Nr7hsQ,25,News & Politics
"HOT 이슈｜봉인 풀린 미국 미사일, 러시아 본토·북한군 공격 가능",qIGphY9uh9M,25,News & Politics
"[뉴스바사삭] 명, ‘윤한홍 장난치면 尹 싹싹 빈거 터뜨린다’ MBC 241120 방송",Otxe0cIzFu0,25,News & Politics
"[자막뉴스] ""환율은 문제도 아니야""...최악까지 열어둔 IMF, 韓 향해 경고 / YTN",So2ghREklGc,25,News & Politics
결국 진실대신 자신의 이익을 선택한 명태균의 미래를 정확히 예측한 봉지욱!!,XC1TvIjCNRs,25,News & Politics
"30년 기자, 어원 대참사?",j_kPPbv9rwo,25,News & Politics
"검찰, ‘경기도 법카 업무상 배임’ 이재명 불구속 기소 / 채널A / 김진의 돌직구쇼",10DGwPEUN5g,25,News & Politics
"""명태균이 오세훈·이준석 당선시키고, 차기 대통령도 언급"" - 뉴스타파",FYHGGK8iTAo,25,News & Politics
[최지은의 뉴스호로록] ‘헉’ 김소연 이후 바뀐 명태균 변호인이?! 김용민 “이준석의 오른팔”,7dQ29s1Wliw,25,News & Politics
"[24년 11월 20일 수] 엔비디아, 실적발표/미 법무부, 구글 반독점 해결안 발표 예정/타겟, 어닝쇼크?!?/트럼프, 재무장관 후보 면담 예정  - 오선의 미국 증시 라이브",NeVuLjrpjoY,25,News & Politics
[고수의전략] 모든 작전 수포로 돌아갔다! 명태균 변호사 김소연 사임! ‘명태균 게이트’ 태풍의 핵 등장! 점점 더 수렁으로 빠져가는 대통령실_봉지욱 뉴스타파 기자,lK1HOtxJHr0,25,News & Politics
박지훈의 뉴스인사이다-(단독) 오세훈-명태균 카톡 나왔다 (이진하)-“김건희 특검→ 윤 퇴진” (박지원)-박정훈 대령에 징역 3년 구형 (김종대) (1122_금),aAVAUdhpMTE,25,News & Politics
뉴스 영상 틀었더니 ‘이재명 결백’....서울대 나온 판사를 바보 만든 한준호,xM28oSZ7uxU,25,News & Politics
군인이 많이 죽을수록 우리 지역에 이득? 러시아 휩쓰는 '데스노믹스' [지구본 뉴스룸],mxsclE8o754,25,News & Politics
🔴 [241120] 🔥파묘급 명태균 녹취파일🔥 서영교 의원 | 갑작스런 '명태균 사임계' 왜?| 이재명 기소한들 김건희 사라지나 [김소연・김은지・구교형 인터뷰],w7DRdUZwapA,25,News & Politics
[사사건건] 오랜 침묵 끝에 북한이 내놓은 메시지는? (조한범),pUrxewxuaRM,25,News & Politics
사람 구하는 사이 떼로 몰려온 중국 어선 / KBS 2024.11.16.,rKH9EsQZmsY,25,News & Politics
"명태균 부인 ""이준석 때문에 일상 망가져"" ""김종인 새벽 6시면 전화"" [뉴스와이드]",NBZFdUmPFpA,25,News & Politics
"“韓K2 우리가 먼저 가져가겠습니다” 페루 K2 긴급도입 발표 직후 현재 루마니아, 불가리아 유럽국들 난리난 이유, 中 ’경악’",76wrdFYCJ1o,25,News & Politics
2024. 11. 20 [원주MBC] 단속에도 화물차 밤샘 주차 계속.. 왜 그런가 봤더니,1I8l4YWzqt4,25,News & Politics
(풀영상) '김건희 류희림 용산 예산' 모두 삭감!!! 펄쩍 뛰는 국민의힘,cGI14K8BuyI,25,News & Politics
1달러 장벽 넘어선 리플…10달러 목표가 현실화되나,hz4de28P4O4,25,News & Politics
"11/21(목) 친윤은 당원게시판 논란 웃고있다? 이재명 1심 후, 초일회의 움직임은?(김규완) 홍준표도 비판한 이재명 법인카드 기소(곽우신)",_TTs6pyuAeo,25,News & Politics
"[지식뉴스] ""중국에 '복수'할 준비 마쳤다""...'트럼프 2기 내각'에서 당장 일어날 일 (ft.김수형 SBS 외교안보팀장) / 교양이를 부탁해 / 비디오머그",axRO3Rr1RIM,25,News & Politics
장비빨로 60cm 대어잡기 ㄷㄷ;;,Mu0HnYNc1yI,26,Howto & Style
카메라에 찍힌 작별인사,XstyGvX3k1E,26,Howto & Style
말과 함께 자라난 소녀,UErL_dBsshY,26,Howto & Style
53. 엄마 김장 어떻게 해?,AnogcFiv6Uo,26,Howto & Style
이 남자가 옷을 쉽게 접는 방법을 알려줍니다 👕👖.,FcsXpix8Z_0,26,Howto & Style
먹어본 음식 중에 제일 비싼 음식?!🐓,fl2Lqgk_7II,26,Howto & Style
조여정 다이어트 먹을땐 맛있게 먹어요 #조여정 #여배우 #연예인다이어트 #성시경,efS6j2ZhC-w,26,Howto & Style
한국에서 제일 많이 본 돼지고기 김치찌개,PgIJlbWb7Nc,26,Howto & Style
거꾸로 만드는 칵테일,O3yaVAW17IM,26,Howto & Style
지금 해외에서 난리난 ‘통양파 구이‘.. 대체 왜?????,huyd33rVmsM,26,Howto & Style
저런 생각은 한국인밖에 못한다며 한국 기술력에 감탄한 외국인,-vQJNZZuPw0,26,Howto & Style
요즘 내 최애 밥,yuklX-84374,26,Howto & Style
BD556+ Smoke Silencer.Who needs this for Christmas? #toys #gelblasters #gelblasterguns #airsoft,LW1-ZfkqEJc,26,Howto & Style
중국인들만 먹는 신기한 중국 수건케이크 @나도Nado,4wFSsHegaXM,26,Howto & Style
2.8만 원으로 꿀잠자는법 공개 | 베트남미용실 | $19 Vietnam Barber Shop | ASMR for Deep Sleep and Relaxation,qlK_8f2yq2U,26,Howto & Style
생일상 준비에 탈탈.. 생일선물은 낭비?!,BQS1cS8DG_s,26,Howto & Style
현실적인 어린이집 등원준비 영상 1,3wxH6E7Ai9A,26,Howto & Style
아이브와 뉴진스를 홀린 ‘일본인 아티스트’,B6tIW8XoLbc,26,Howto & Style
쫀득쿠키 만들어 먹는게 이득?,deSCmNNyufI,26,Howto & Style
4세대 아이돌 메이크업의 신세계 ✨,lwR-KoaP_FA,26,Howto & Style
Offloading gone wrong #greenscreen #automobile,yZHaz1nNOpM,26,Howto & Style
외국은 비닐봉지로 '이걸' 만든다고?!,9SBpldb5Tks,26,Howto & Style
조각 작품을 완성하는 정밀 조각 기계,ylGx4ye3MYo,26,Howto & Style
약밥(약식) 집에서 만들어보세요❣️ 이맛알면 앞으론 밖에서 못사먹어요👍,4tDDWvWxMOY,26,Howto & Style
예지한테 간식먹지말고 기다리라고했더니…자기최면하며 버티기ㅋㅋㅋ,VSaNphtueuQ,26,Howto & Style
삼겹살 파티 #mukbang  #cooking  #asmr  #food  #delicious  #recipe  #koreanfood,jU_AelvFFa0,26,Howto & Style
영혼이 되어서도 딸을지킨 어머니,OGicqIP_HE8,26,Howto & Style
김밥 50줄 노쇼한 시누이,EEkKPPvhtGo,26,Howto & Style
퇀솬 과일!?,3RAghi3TQSk,26,Howto & Style
참깨랑 들기름만 넣었더니 이미 완성된 맛,WZSi4H0YBgA,26,Howto & Style
팬 결혼식에 서프라이즈 축가하러 온 가수 #깜짝헨리,ePoJDx6X1Cw,26,Howto & Style
공스장에서 혼자 운동하시는 어머님 스쿼트 자세 잡아드렸어요🥰#스쿼트 #수원 #운동과식단 #팀보노,mZRDc2qI0Ko,26,Howto & Style
동생의 첫 데이트에 진심인 언니들 ㅋㅋ,SotiHhY7peY,26,Howto & Style
1일 연예인 체험 브이로그,R5SW8Y5YcVM,26,Howto & Style
#말하는강아지 를 처음 본 강아지들 @kiyomibori,lwLRhvug2fs,26,Howto & Style
연말 홈파티 레시피. 배추말이전골 Cabbage roll stew,OXIONT3IU9Q,26,Howto & Style
남편이 만든 카레,lN4pVsU0cbY,26,Howto & Style
불가능한 챌린지의 비밀,XbvZvE83sYY,26,Howto & Style
베트남 사람이 만든 김치 무시하면 생기는 일,jo1YGP_HFc4,26,Howto & Style
The tide is as fierce as a tiger. Be careful when watching the tide. Pay attention to safety. Qi,yt8Xyf_YRD0,26,Howto & Style
유부남의 낭만,RoEdp8YykOo,26,Howto & Style
물고기 잡다 32km 떠내려온 남자,18OwmppbgNI,26,Howto & Style
감칠맛이 기가 막힌 '시금치 무침' 알려드릴게요 #shorts #집밥 #레시피,-q6PZscoj7E,26,Howto & Style
영국 손님들 컴플레인이 무서워요...,0HJZ1KZtoxg,26,Howto & Style
놀라운 에펠탑 헤어 디자인 👏,IMhLFT52NV0,26,Howto & Style
Making Hwachae in a Korean High School 🇰🇷🏫 #korea #southkorea #seoul #koreanfood,Ub2H6lGfU5Q,26,Howto & Style
한국사람이 스위스 처음가보면 받는 문화충격,fgHrtepf5B8,26,Howto & Style
✨ Kreatywne wiązanie: Odkryj nowe sposoby na noszenie  szala✨ #ootd #stylizacje #outfitideas #stylie,6S3QsSTtFhs,26,Howto & Style
아들집에서 아이들봐주고 받은 선물의 정체,2Vn2o_JiAk4,26,Howto & Style
미국 사는 조카 유치원 하원 마중나가기❤️,cItRqu4Uc2Q,26,Howto & Style
조상님들이 사용했던 휴대폰 충전 방법,dMP_0raAse8,28,Science & Technology
음성인식이 제대로 안될때,iYmOMlxYmuY,28,Science & Technology
문과식 멀티탭 디자인 근황,g4todniT33s,28,Science & Technology
🎬 따라가는 자막 무료버전 편집법 #캡컷,3Gzq_LBLjNw,28,Science & Technology
내 폰 쓰기 싫었는데,_Lywn2xVHwY,28,Science & Technology
고치면 4승 1패.. 전원이 안 켜지는 고장 난! 닌텐도 스위치! | 해낮달낮,6mMEfkXWSWo,28,Science & Technology
기가막히는 휴대폰 용품 TOP3 🤳📱,TwIZJlQ38UM,28,Science & Technology
iPhone zoom: created using Shot Tracer Pro for Mac and PC.,FYkKLvmeFbA,28,Science & Technology
점점 특이해지는 요즘 키보드들.jpg,J2pCmdyhQM4,28,Science & Technology
유튜브에 드디어 추가된 꿀잠기능,OXiu6Zh_KxY,28,Science & Technology
30만원대 입문용 4K 가성비 모니터 고르기! 신형 맥미니에 뭐가 어울릴까?,c4EFYi8Mj7c,28,Science & Technology
"다이소에 보급형 에어팟 들어옴 ㄷㄷ;;🎧                                   아니, 진짜 에어팟이랑 똑같이 생겼는데?",m4_rkpBMTWs,28,Science & Technology
아이오닉9 현대 종합선물세트 에디션,2kr7fafZKLg,28,Science & Technology
RTX4090슈퍼컴퓨터 한국에있는거 싹다사왔습니다,Yu_xFxmytJg,28,Science & Technology
천재들이 발견한 갤럭시의 미친 기능 5가지,r3aPNrFbaH4,28,Science & Technology
나노급 크기에 과대 성능;; 89만원부터 시작하는 맥 미니 M4,7UzSwupmq40,28,Science & Technology
이번에 한국도 출시된 애플제품,1k7nnB_foJw,28,Science & Technology
📱아이폰 통화 녹음 안 쓰는 이유,_eIXCw08SZ8,28,Science & Technology
키보드 스위치로 딸에게 줄 선물을 만들어 보았습니다 #청축 #shorts,5pt_zH9v6jQ,28,Science & Technology
"도로 아래 숨겨진 케이블, 어떻게 설치할까?",9yUAGynwPr4,28,Science & Technology
애플 실험실,AKFM_d0eUAM,28,Science & Technology
55만원짜리 컴퓨터 게임성능 ㅎㄷㄷ #50만원컴퓨터 #가성비 # #gaming,zXSsrdOXSis,28,Science & Technology
갤럭시 노트9에 안드로이드14 올려봤습니다,nJr6wg-YVgg,28,Science & Technology
모니터 안팔아!! 아니 못팔아 ㅎ,NuvmGrB03zE,28,Science & Technology
갈아치운 역대 기록만 무려 4가지! 로보락 큐레보 커브 로봇청소기 리뷰ㅣ니돈내맘,37mp7cglJm8,28,Science & Technology
컴퓨터 CPU 10개 모으면 금한돈?,HftT8jBga1c,28,Science & Technology
요즘 보조배터리 미쳤네 ㅋㅋㅋㅋㅋㅋㅋ,oAAWMrE7DyE,28,Science & Technology
Huawei Tri-Fold 💀☠️ #blowup #samsung #foryou #fyp #100 #viralshorts,iJnAE5oYMfk,28,Science & Technology
샤크 안테나가 사라진 이유... 아이오닉9 미국서 개발자에게 물어봤습니다,mbxyA5xAXZM,28,Science & Technology
뭔가 이상한 이어폰 케이스 레전드ㅋㅋㅋㅋ,TwvXe_VVBm8,28,Science & Technology
아이폰 17의 성공이 예약된 이유 | 아이폰 17 소식 정리,13xro7j-6-Q,28,Science & Technology
갤럭시Z 듀얼 폴드 - 미쳤습니다 큰 거 옵니다,OKXO8eTpWyE,28,Science & Technology
"NVIDIA 블랙웰 GPU 서버 과열 이슈, 과연 심각한 일일까? | 모놀로식 구조의 열 밀도 | 기존 GPU 결함 원인 | CoWoS-L | 액체 냉각 구현과 서버 설계 과정",mcT-tsbojLE,28,Science & Technology
“가성비 미쳤다 ㅋㅋ” 2024년 가격대별 가성비 태블릿 추천 BEST5🔥고민말고 이 중에 고르세요!┃가성비태블릿┃태블릿추천┃아이패드┃갤럭시탭┃태블릿PC┃샤오신패드┃레노버┃,fkHHmVM4pvU,28,Science & Technology
뭐야이거? 페라리처럼 열리는 진짜 유용하고 신박한 아이폰 카드지갑 케이스,Uwzzuo19xHg,28,Science & Technology
비전 프로 한국 첫 출시 현장 다녀옴 / 스브스뉴스,nNdHBbiRNVs,28,Science & Technology
[여의도튜브] “삼성처럼 못만들겠어” 中 폴더블폰 '백기투항' / 머니투데이방송,N9Hq6iC3jQU,28,Science & Technology
쿠팡에서 판매하는 가성비 키보드 추천드릴께요 아콘 ak47 경해축 #쿠팡 #키보드 #키보드추천,U12cLcGCRKI,28,Science & Technology
미쳐버린 샤오미 최신 스마트폰 근황;;;,ll2kyqrp4fY,28,Science & Technology
"Making new iPad pro pink📱(with AirPods, Apple Pencil, Case💗)",kyRW8LiZXQI,28,Science & Technology
국내업체에서 만든 10만원대 8k 풀알루 래피드트리거 키보드,sB6rfxgVXR4,28,Science & Technology
이론상 개사기 렌즈. FE 28-70 F2 GM,b9mHTm3xByo,28,Science & Technology
요즘 힘들죠? 비싼 PC 사지 마세요. 제가 가성비 끝판왕! 게이밍 컴퓨터 맞춰 왔습니다 (공동 구매 99만원 부터),s4-YYpN0Bqk,28,Science & Technology
M4맥미니 개봉기! 진짜 얼굴만함ㅋㅋㅋ M4 mac mini unboxing! #주연 #m4 #맥미니,heVntiBBvSI,28,Science & Technology
세상이 빠르게 변하네요! 애플 Mac이 플스 같은 게임기가 될 수 있을까?,YU8f7XnNQM8,28,Science & Technology
갤럭시 S25 울트라 실물 목업 자세히 보기,l3I3XdNW9W0,28,Science & Technology
결국 씽크패드로 선택했습니다. 레노버 씽크패드 X1 카본 12세대,JuudWKL-qwk,28,Science & Technology
X870 ? 이 표 한방에 다 정리했다!!!  (9800X3D 구매자 필독 영상) - 신성조,LXNNWbsX-y8,28,Science & Technology
전기 없이 스마트폰 충전하는 방법 ㄷㄷ,UlKLGWMrLsk,28,Science & Technology
"삼성전자, 반전 노린다…갤럭시 Z플립7용 '엑시노스' 양산 돌입",WAGJCjYU-qM,28,Science & Technology
